"id","filename","file_extension","slug","description","created_at","updated_at"
"d50c6ec9-79c7-46dc-9f05-42494066384e","photo-1573865526739-10659fec78a5","jpg","selective-focus-photography-of-orange-and-white-cat-on-brown-table-75715CVEJhI","One of my cats, Vladimir. He is from Russia! He has an instagram if you'd like to see more of him: @Vladimir_Purtin","2024-03-16 14:43:57","2024-03-16 14:43:57"
"403b951d-d234-47b5-b05f-f3ccd01c3263","photo-1514888286974-6c03e2ca1dba","jpg","black-and-white-cat-lying-on-brown-bamboo-chair-inside-room-gKXKBY-C-Dk","Gipsy the Cat was sitting on a bookshelf one afternoon and just stared right at me, kinda saying: “Will you take a picture already?”","2024-03-16 14:43:24","2024-03-16 14:43:24"
"bc0fa527-d9fc-4689-8682-6a78ee0ace82","photo-1617984161716-189c889bd474","jpg","brown-wooden-sticks-on-white-textile-3U-LoTdvVu8","","2024-03-14 13:00:43","2024-03-14 13:00:43"
"c5d5cecd-1b88-4322-904b-caa1eef87503","photo-1520013573795-38516d2661e4","jpg","red-toothbrush-7ByfI6Fpi90","","2024-03-14 13:00:40","2024-03-14 13:00:40"
"e8aed021-b148-47b6-ae2b-ec81455e911b","photo-1596180744691-d19a1b90b53c","jpg","stainless-steel-faucet-on-white-ceramic-sink-GSl3GJ1aNOU","Bliss E'viva - fuori opbouwkom ø400 x 120 mm","2024-03-14 13:00:38","2024-03-14 13:00:38"
"79848527-35fa-4929-982a-3796ed69cfee","photo-1609210884848-2d530cfb2a07","jpg","stainless-steel-sink-with-faucet-CmW1uWURB18","","2024-03-14 13:00:36","2024-03-14 13:00:36"
"ffd3106b-601f-4de7-a182-8e5146552dfd","photo-1585659722983-3a675dabf23d","jpg","white-microwave-oven-turned-off-WtxE9xb0vQU","","2024-03-14 13:00:34","2024-03-14 13:00:34"
"e8c43e74-fd61-4e4e-b407-0c06cd2f0808","photo-1626143508000-4b5904e5e84a","jpg","silver-microwave-oven-on-black-marble-counter-top-4JhCV1YrG1o","","2024-03-14 13:00:32","2024-03-14 13:00:32"
"e1aa59a8-5880-439d-ac0a-34db1b25a2a4","photo-1596554817336-19fbecb23705","jpg","red-and-yellow-kite-flying-under-blue-sky-during-daytime-0CeElmQL-70","@charlottelharrison www.charlotte-harrison.com","2024-03-14 12:44:07","2024-03-14 12:44:07"
"49113cab-c7a1-4f87-ab12-9da04bf6e4a9","photo-1489011397388-494518edf378","jpg","green-and-yellow-kite-on-air-O0p6aV9Go3Y","","2024-03-14 12:44:06","2024-03-14 12:44:06"
"a903d6e7-e15b-4f8e-95c3-fc55cf63b1f7","photo-1587829741301-dc798b83add3","jpg","silver-and-white-computer-keyboard-PXaQXThG1FY","Wireless Apple Keyboard (IG: @clay.banks)","2024-03-14 12:44:03","2024-03-14 12:44:03"
"db0c5492-cd40-481a-bca8-64d4871d041a","photo-1529236183275-4fdcf2bc987e","jpg","white-computer-keyboard-2xU7rYxsTiM","life’s too short to remove usb safely","2024-03-14 12:44:01","2024-03-14 12:44:01"
"bdebac21-934a-46a6-b4ee-d02dc81b0082","photo-1559563458-527698bf5295","jpg","grey-leather-crossbody-bag-ZB4eQcNqVUs",,"2024-03-14 12:43:59","2024-03-14 12:43:59"
"25be2217-742a-4113-8f91-b31884a5da8f","photo-1584917865442-de89df76afd3","jpg","red-leather-handbag-on-white-table-oCXVxwTFwqE","Ferragamo BOXYZ bag","2024-03-14 12:43:57","2024-03-14 12:43:57"
"3380c2d1-5ffb-42b1-9cf3-a9f5186b9265","photo-1532298229144-0ec0c57515c7","jpg","black-road-bike-yjAFnkLtKY0","Specialized Allez custom build","2024-03-14 12:43:54","2024-03-14 12:43:54"
"58ec1372-70d0-44c7-aed1-1290d61cbb91","photo-1485965120184-e220f721d03e","jpg","gray-fixie-bike-leaning-on-black-wall-tG36rvCeqng","","2024-03-14 12:43:53","2024-03-14 12:43:53"
"efa0fea2-96d2-4526-a200-fe70fb36321a","photo-1589656966895-2f33e7653819","jpg","polar-bear-on-snow-covered-ground-during-daytime-qQWV91TTBrE","polar bear","2024-03-14 12:43:51","2024-03-14 12:43:51"
"0e707286-4d40-471f-9538-ce35ddcaf794","photo-1530595467537-0b5996c41f2d","jpg","brown-bear-sitting-on-grass-field-y421kXlUOQk","Lonely Bear","2024-03-14 12:43:50","2024-03-14 12:43:50"
"27cabe37-26b0-4b26-a8e9-8ecf0cb3fffd","photo-1526319238109-524eecb9b913","jpg","zebra-in-savanna-UgidX4V13Gc","On a photo safari in the Masai Mara, we stopped to enjoy the presence of this watchful zebra.","2024-03-14 11:03:02","2024-03-14 11:03:02"
"2657ce1b-220d-4842-8603-b5f7c9605235","photo-1526095179574-86e545346ae6","jpg","zebra-standing-on-wheat-field-ZqYPM8i60F8","Zebra in Maasai Mara","2024-03-14 11:03:00","2024-03-14 11:03:00"
"5c352581-0ee9-43e1-b26e-e72d0e7eb6c9","photo-1586363052121-5ef0f5b1fdb1","jpg","blue-and-red-handled-scissors-i0ROGKijuek","WMF scissors, by Württembergische Metallwarenfabrik, a german company founded in 1853. End of story.","2024-03-14 11:02:58","2024-03-14 11:02:58"
"47e9dde9-e1b0-42e8-9520-55b7de46857a","photo-1503792501406-2c40da09e1e2","jpg","gray-steel-scissors-SmocKx2oDZc","Scissors","2024-03-14 11:02:55","2024-03-14 11:02:55"
"1381daf9-13a6-425c-97c8-f70cda17222c","photo-1587132137056-bfbf0166836e","jpg","yellow-banana-on-white-background-Kl3467edwsE","High-quality photo of a banana on a white background","2024-03-14 11:02:53","2024-03-14 11:02:53"
"b1f3f460-7cd7-47ef-9d2a-385ce099c1c2","photo-1528825871115-3581a5387919","jpg","half-peeled-banana-fruit-0v_1TPz1uXw","Banana","2024-03-14 11:02:50","2024-03-14 11:02:50"
"b9c48970-040f-4760-873b-2d07325beb54","photo-1598032895468-e81825029202","jpg","man-in-black-suit-jacket-and-blue-necktie-JXf2e0nb_-o","Dapper Professional featuring a retro shirt and tie combination with a pair of custom slacks and blazer.","2024-03-14 11:02:49","2024-03-14 11:02:49"
"c3ad10c8-a0a2-4769-818e-2211f776df19","photo-1425421669292-0c3da3b8f529","jpg","a-man-in-a-black-suit-loosening-his-tie-WdJkXFQ4VHY","Elegant man loosening tie","2024-03-14 11:02:47","2024-03-14 11:02:47"
"d5ba73ad-f277-4008-870e-26059b1933a9","photo-1543002588-bfa74002ed7e","jpg","open-book-on-top-of-several-stacked-books-9DaOYUYnOls","","2024-03-14 11:02:45","2024-03-14 11:02:45"
"0185377a-a921-4b44-8979-dc002f8307bc","photo-1532012197267-da84d127e765","jpg","view-of-floating-open-book-from-stacked-books-in-library-HH4WBGNyltc","Spent a week in Los Angeles with my friends and decided to visit the Last Bookstore as one of our stops. I came up with the idea of floating the book with help of my friend. I took two shots one without the book and one with the book being held up from my friend. Photoshopped his arm out of the shot later in post and this was the outcome.","2024-03-14 11:02:44","2024-03-14 11:02:44"
"28ed3234-20d0-42c7-beaf-7a3f07abbca0","photo-1505693416388-ac5ce068fe85","jpg","throw-pillow-on-bed-frame-iAftdIcgpFc","","2024-03-14 11:02:42","2024-03-14 11:02:42"
"4c121f5b-2469-4509-a028-c41e34303a24","photo-1564019472231-4586c552dc27","jpg","white-pillows-and-bed-comforter--R2uNyGmeM4","","2024-03-14 11:02:40","2024-03-14 11:02:40"
"c66b3823-00e4-45cf-9476-91e5b3cd3423","photo-1589824783837-6169889fa20f","jpg","white-ceramic-toilet-bowl-with-cover-876NP3npUMc","","2024-03-14 11:02:38","2024-03-14 11:02:38"
"063d4c3f-7841-418f-8979-1365c5495a8b","photo-1569597967185-cd6120712154","jpg","white-toilet-bowl-with-cistern-xXc7zUKIhRw","","2024-03-14 11:02:37","2024-03-14 11:02:37"
"62a4a31b-0c8a-453d-b34f-a665311acc3c","photo-1553909489-cd47e0907980","jpg","sandwich-on-white-surface-IZ0LRt1khgM","A sandwich","2024-03-14 11:02:35","2024-03-14 11:02:35"
"98b8d826-a4c6-4b1a-b1cd-7e2f9727dc35","photo-1528735602780-2552fd46c7af","jpg","toasted-bread-with-tartar-sauce-BiWb1Y8wpZk","Corn Sandwich","2024-03-14 11:02:33","2024-03-14 11:02:33"
"44153252-cbe8-499d-9bc4-bc284073075f","photo-1570784332176-fdd73da66f03","jpg","white-ceramic-mug-Ha5_JcYArf0","White Corelle Stone Mug","2024-03-14 11:02:30","2024-03-14 11:02:30"
"2efb80c3-44cf-46c9-8ec8-3536d5177275","photo-1514228742587-6b1558fcca3d","jpg","white-ceramic-mug-nDd3dIkkOLo","Marketing / Branding Tools for Influencers > https://creativemarket.com/NordWood","2024-03-14 11:02:28","2024-03-14 11:02:28"
"d3e95f6a-bf98-4967-94ff-1db31f5c6934","photo-1616596871445-bb8290a7a2c2","jpg","green-leaf-plant-near-white-wall-YUuSAJkS3U4","Fidèles, expérimentés, attachants et allumés_Sans Freudiens, il n’y a pas de Sig_. Notre équipe est petite parce que nous choisissons les meilleurs. On n’a pas peur de le dire!","2024-03-14 11:02:27","2024-03-14 11:02:27"
"bd724931-3014-4229-b6af-2eb1d03f6c1b","photo-1588196749597-9ff075ee6b5b","jpg","macbook-pro-displaying-group-of-people-smgTvepind4","Zoom call with coffee","2024-03-14 11:02:25","2024-03-14 11:02:25"
"a6a6710e-4dd7-4357-bd37-259ca2a2f843","photo-1588195538326-c5b1e9f80a1b","jpg","white-cake-with-chocolate-syrup-on-white-ceramic-plate-vdx5hPQhXFk","","2024-03-14 10:26:19","2024-03-14 10:26:19"
"7ca3d0ca-cd8f-4ca1-930e-06db1e4457fa","photo-1563729784474-d77dbb933a9e","jpg","baked-cupcake-S2jw81lfrG0","","2024-03-14 10:26:18","2024-03-14 10:26:18"
"37eace8e-ad2a-469a-a3c5-7a5bbe568443","photo-1474487548417-781cb71495f3","jpg","yellow-and-black-train-on-railways-7KKQG0eB_TI","Freight transport","2024-03-14 10:26:16","2024-03-14 10:26:16"
"508544af-899a-4a59-bd5b-ea67a522b842","photo-1442570468985-f63ed5de9086","jpg","moving-train-near-trees-gJhev0YgUcE","On a moving train","2024-03-14 10:26:15","2024-03-14 10:26:15"
"41c16fb4-56db-4ea4-9a40-534eae52a0d6","photo-1590868309235-ea34bed7bd7f","jpg","orange-carrots-on-human-hand-ZgDHMMd72I8","carrots","2024-03-14 10:24:09","2024-03-14 10:24:09"
"66b4911e-3efe-4c34-b116-f6ef71c72ff0","photo-1598170845058-32b9d6a5da37","jpg","orange-carrots-on-green-grass-GHRT9j21m2M","A bunch of carrots ","2024-03-14 10:24:07","2024-03-14 10:24:07"
"ff6e2ca4-e586-4494-86c0-7785e13f7cf8","photo-1630459065645-549fe5a56db4","jpg","black-top-mount-refrigerator-with-dispenser-xK8QreBEjcc","","2024-03-14 10:24:05","2024-03-14 10:24:05"
"9e5c9148-4992-4f96-9171-3cbf24bfa3bd","photo-1606859191214-25806e8e2423","jpg","green-and-pink-plastic-container-AEU9UZstCfs","","2024-03-14 10:24:04","2024-03-14 10:24:04"
"55f6126a-75bd-41a7-8cf9-8f1b7abca03a","photo-1581605405669-fcdf81165afa","jpg","person-in-black-jacket-holding-black-backpack-8TSqJoI-NVs","","2024-03-14 10:24:02","2024-03-14 10:24:02"
"1debd0e3-0d0f-4829-ba36-a3910e74e3c5","photo-1553062407-98eeb64c6a62","jpg","blue-backpack-_H0fjILH5Vw","","2024-03-14 10:24:01","2024-03-14 10:24:01"
"bfe7446c-cfb1-4467-bf54-b96c2f8ae0d6","photo-1560617544-b4f287789e24","jpg","space-gray-iphone-6-o6elTKWZ5bI","","2024-03-14 10:23:59","2024-03-14 10:23:59"
"fea45acd-2b68-44ce-9a46-71d2023bcbf5","photo-1585060544812-6b45742d762f","jpg","white-smartphone-on-brown-wooden-table-J82GxqnwKSs","Iphone 11 on the table - mockup","2024-03-14 10:23:58","2024-03-14 10:23:58"
"a2bb470a-5ef8-413e-9a19-934d1b729237","photo-1568702846914-96b305d2aaeb","jpg","red-apple-fruit-gDPaDDy6_WE","Apple in red ","2024-03-14 10:23:56","2024-03-14 10:23:56"
"fe39769e-4eee-43f9-a369-7742287de61b","photo-1570913149827-d2ac84ab3f9a","jpg","one-red-apple-CoqJGsFVJtM","A hand holding an apple","2024-03-14 10:23:55","2024-03-14 10:23:55"
"50283697-ee60-4b34-b423-9b804bf97361","photo-1493311532826-91f3915a3c6e","jpg","man-walking-on-green-grass-field-U14CJHTsyB0","Annual Harvest Festival at Grace Church. The lighting was perfect that day.","2024-03-14 10:23:54","2024-03-14 10:23:54"
"61bcadd9-0cfe-4ba3-b60b-9b4cc8452d99","photo-1535101569105-5426f351c50b","jpg","two-men-reaching-frisbee-while-jumping-DRZcbiXINwg","High up","2024-03-14 10:23:53","2024-03-14 10:23:53"
"0ed3eb1c-3f33-4caa-9ae3-dd3a6ee84da2","photo-1530604073106-794448af4555","jpg","person-taking-photo-of-white-and-black-snow-skis-ucYMpdbO6X8","","2024-03-14 10:23:51","2024-03-14 10:23:51"
"bba4c4b9-2468-47ac-beaf-a59afe927534","photo-1552853662-8f707e1cb336","jpg","assorted-color-pair-of-ski-blades-lot-9l53r3K7PKU","This selection of vintage skis and bindings caught my eye. Vertically mounted on a wall they made a great display of retro technology and attractive colour. In a narrow hallway it was hard to find the right angle and light but this seems to capture the look and feel.","2024-03-14 10:23:50","2024-03-14 10:23:50"
"244a23fb-64ad-4f2c-a75a-4847d16fe8d7","photo-1559268950-2d7ceb2efa3a","jpg","gray-and-blue-airplane-BwYcH78rcpI","United Airlines 737-900 taking off","2024-03-14 10:23:48","2024-03-14 10:23:48"
"f94c403e-d6e9-443e-ae41-76d0cae28e01","photo-1436491865332-7a61a109cc05","jpg","aerial-photography-of-airliner-rf6ywHVkrlY","","2024-03-14 10:23:47","2024-03-14 10:23:47"
"cb6e2a8f-5c0e-493c-a0fa-7dbf29e5813d","photo-1552728089-57bdde30beb3","jpg","green-and-yellow-small-beaked-bird-on-twig-OlKkCmToXEs","Orange-chinned parakeet","2024-03-14 10:23:46","2024-03-14 10:23:46"
"9243f848-6879-4be2-9a14-f6feb55e004e","photo-1444464666168-49d633b86797","jpg","selective-focus-photography-of-blue-kingfisher-vUNQaTtZeOo","Perched blue and orange bird","2024-03-14 10:23:44","2024-03-14 10:23:44"
"8a81a5df-ac7d-4b8a-9348-fc42bf6cf83b","photo-1615663245857-ac93bb7c39e7","jpg","black-cordless-computer-mouse-on-black-surface-4PchFKrUw84","Feel free to take a look at my instagram @toastyraw or support me with a donation https://bit.ly/39NCcgJ","2024-03-14 10:23:43","2024-03-14 10:23:43"
"c323ddb4-aa5b-4820-a776-7f705f67ca7a","photo-1425082661705-1834bfd09dca","jpg","selective-focus-photography-of-brown-hamster-adK3Vu70DEQ","","2024-03-14 10:23:42","2024-03-14 10:23:42"
"6950b43e-03bc-4da5-87e3-78b9ca052944","photo-1620740527696-4867da637855","jpg","person-in-blue-long-sleeve-shirt-holding-brown-wooden-stick-Lo-aiGd7uKM","Baseball guy holding a bat behind his back. Baseball. Bandit. The battle. Bit. Place for an inscription. The close plan.","2024-03-14 08:45:20","2024-03-14 08:45:20"
"f4db17c5-7b42-41a4-9edb-ca08d5d17833","photo-1603538512033-d36db59f3133","jpg","black-and-brown-sticks-on-white-surface-Dt3dFtyUIXo","","2024-03-14 08:45:18","2024-03-14 08:45:18"
"64068e1c-b11a-45ad-a5a9-730dc9f0e84d","photo-1548594172-09665cd0e236","jpg","pair-of-white-and-brass-fork-and-breadknife-NID5iadR7RE","","2024-03-14 08:45:15","2024-03-14 08:45:15"
"9ff6a497-53ca-4c75-9041-2511410affb1","photo-1607637508318-d22cfb4299d4","jpg","silver-fork-and-spoon-illustration-8qYgemjI-UY","","2024-03-14 08:45:14","2024-03-14 08:45:14"
"7ebacf70-424f-4f5c-b33c-5d2e5b5c23c4","photo-1602143407151-7111542de6e8","jpg","green-bottle-on-white-table-reEySFadyJQ","stainless steel water bottle","2024-03-14 08:45:12","2024-03-14 08:45:12"
"4bb9ddfe-23a7-4bf4-bcbc-cdf41011e436","photo-1591704951890-0862b2e98acb","jpg","clear-glass-bottle-with-white-background-KikhsHzIO9o","Empty Glass Bottle","2024-03-14 08:45:11","2024-03-14 08:45:11"
"16ffda6d-fe2d-4736-a4f2-fae38c0d1040","photo-1593504049359-74330189a345","jpg","close-up-photo-of-pizza-with-cheese-D3Mag4BKqns","Pizza ","2024-03-14 08:45:10","2024-03-14 08:45:10"
"e9b8f6df-83af-4a32-945e-cf621bffa35c","photo-1513104890138-7c749659a591","jpg","pizza-with-berries-MQUqbmszGGM","heavenly slice","2024-03-14 08:45:08","2024-03-14 08:45:08"
"9240c7aa-bf06-44e1-80a2-a182fa009f22","photo-1529669851596-ba9a5549af95","jpg","person-standing-on-white-snow-cliff-8FG9tt8qZ-8","My friends and I were looking for a good spot to check the mountain and the lines we could make on the untouched snow that day. You usually have to be quick ‘cause you’re not the only one around, so we were pretty lucky to find this spot close to the Grand Perron summit in the 3 Vallées ski domain (the highest summit on the picture).","2024-03-14 08:45:06","2024-03-14 08:45:06"
"8abf10af-6465-431e-897c-42a336a943f8","photo-1584890131712-18ee8e3ed49c","jpg","man-in-green-jacket-riding-snowboard-on-snow-covered-mountain-during-daytime-OKBP1D8Wr4c","Grabbing","2024-03-14 08:45:05","2024-03-14 08:45:05"
"1ab2365b-255c-400e-9b86-a534ba532b5b","photo-1660110674237-a943597c7f12","jpg","a-person-holding-a-piece-of-food-O4BYaUEplWE","A yellow leaf","2024-03-14 07:04:11","2024-03-14 07:04:11"
"b587a458-748d-4a0d-8d87-94d0c96cc760","photo-1656907133843-741f7c712807","jpg","a-baseball-glove-on-the-grass-MFWcP9Q7tio","Baseball glove laying in grass with baseballs inside. ","2024-03-14 07:04:09","2024-03-14 07:04:09"
"5dff18a8-143a-4156-82a8-7d19603db037","photo-1632171352299-2825194c5d2f","jpg","a-baseball-mitt-and-glove-laying-on-the-grass-siMgFP85KB8","Softball gloves","2024-03-14 07:04:06","2024-03-14 07:04:06"
"87d23c0f-732e-4f6a-92c3-004e6910aee3","photo-1590502160462-58b41354f588","jpg","person-holding-baseball-ball-in-black-leather-baseball-mitt-qegSxvH9U9Y","","2024-03-14 07:04:03","2024-03-14 07:04:03"
"bf5fe62c-bfe1-4d6c-903d-d4c9057b1830","photo-1567538096630-e0c55bd6374c","jpg","tufted-white-leather-sofa-chair-1P6AnKDw6S8","chair #2","2024-03-14 07:04:01","2024-03-14 07:04:01"
"d585f2f6-be8d-42f0-bf6e-d9753e1ccce5","photo-1581539250439-c96689b516dd","jpg","black-chair-on-white-snow-3neSwyntbQ8","The chair on the white","2024-03-14 07:04:00","2024-03-14 07:04:00"
"7a7af27d-24a5-4d8d-be31-2e0cdb2fe026","photo-1517849845537-4d257902454a","jpg","black-pug-with-gray-knit-scarf-Mv9hjnEUHR4","Toshi wearing a knit sweater.","2024-03-14 07:03:58","2024-03-14 07:03:58"
"115b8d86-4632-4687-8831-11bcd168f00a","photo-1530281700549-e82e7bf110d6","jpg","dog-running-on-beach-during-daytime-yihlaRCCvd4","Nova Scotia Duck Tolling Retriever for PuppyHero.com: https://puppyhero.com/breed/nova-scotia-duck-tolling-retriever","2024-03-14 07:03:57","2024-03-14 07:03:57"
"77959356-71e8-4d4d-8342-d391468249b5","photo-1588942173353-0c53a1bf9081","jpg","white-sheep-on-brown-field-during-daytime-GJclWjgcVPk","","2024-03-14 07:03:55","2024-03-14 07:03:55"
"05ed2f7d-411a-4be5-ae98-95f7e2f4df25","photo-1575014912260-91c2b5ad7441","jpg","white-sheep-on-field-qg8ihPPQkKo","sheep in New Zealand","2024-03-14 07:03:53","2024-03-14 07:03:53"
"355a3525-07d2-4752-8ef3-853c97928be8","photo-1612392166886-ee8475b03af2","jpg","hotdog-sandwich-with-tomato-and-cheese-0GDN7NSoYRI","","2024-03-14 07:03:51","2024-03-14 07:03:51"
"2ee06fbc-ecb5-4bc9-b5e3-1e75a4183337","photo-1599599810694-b5b37304c041","jpg","hotdog-sandwich-on-white-plate-glqTtszXfM0","","2024-03-14 07:03:50","2024-03-14 07:03:50"
"fa6eef78-3b08-4c0a-b899-694e7f2a8740","photo-1557800636-894a64c1696f","jpg","orange-fruit-U1iYwZ8Dx7k","Enjoy your meal! I would love to hear your comments! Check out my Instagram @picoftasty more surprise there! From now on, Every Saturday (Central Time - US & Canada) I will release Lightroom preset for people who are interested in food photography check out my website and download it for free. This is a great opportunity to practice and take your images to the next level. Now subscribe, get the latest release first. Any questions please don't hesitate to ask.","2024-03-14 07:03:47","2024-03-14 07:03:47"
"e9f2b3c2-1105-4d39-8e86-38173028fcab","photo-1580052614034-c55d20bfee3b","jpg","sliced-orange-fruit-on-brown-wooden-table-9002s2VnOAY","","2024-03-14 07:03:46","2024-03-14 07:03:46"
"efae7705-9511-43af-8bb4-0e32739c350e","photo-1591311337241-cecfd26f1da1","jpg","person-in-black-pants-and-black-and-white-sneakers-jumping-on-skateboard-6rPugl6sVmY","Follow adrien_vj on insta","2024-03-14 07:03:44","2024-03-14 07:03:44"
"9a8746e9-8308-4585-b035-6d442e7a14a2","photo-1597019558926-3eef445fdf60","jpg","man-in-white-t-shirt-and-brown-pants-riding-skateboard-on-brown-sand-during-daytime-r1SwcagHVG0","Venice Beach, 2018. Message me on IG to let me know you saw me here! @tommorbey","2024-03-14 07:03:43","2024-03-14 07:03:43"
"c631e78d-b682-45d6-83c7-69d578c3a672","photo-1575752091575-6fb84080fc48","jpg","red-water-hydrant-Bia98Ef15wk","","2024-03-14 07:03:40","2024-03-14 07:03:40"
"a6d4dc64-f095-4309-9fdb-9f37125cb416","photo-1442595417792-914c08ed5a41","jpg","fire-hydrant-near-beige-painted-wall-WaiPcZlkDFQ","Fire hydrant by a wall","2024-03-14 07:03:38","2024-03-14 07:03:38"
"0eafc56d-635c-4cf7-a66a-41ed429c1d39","photo-1623114112815-74a4b9fe505d","jpg","white-and-black-gas-range-oven-aPoF91L-n6k","","2024-03-14 07:03:36","2024-03-14 07:03:36"
"917e12d6-449e-42e0-85fe-f78ac66df7f4","photo-1617713780979-4ae0c726f253","jpg","bread-with-meat-on-black-tray-8QwHkutqCLQ","","2024-03-14 07:03:34","2024-03-14 07:03:34"
"0a3c0e92-bbb3-4efa-9a43-bd7bbc228cf8","photo-1618737739013-aed8938604fb","jpg","stop-sign-on-road-during-daytime-Vaugz0s98pI","","2024-03-14 06:02:10","2024-03-14 06:02:10"
"706505a1-61ac-402c-b95b-2c98c0e3f542","photo-1572670014853-1d3a3f22b40f","jpg","selective-photography-of-stop-signage-WPrTKRw8KRQ","","2024-03-14 06:02:08","2024-03-14 06:02:08"
"b259c2be-9b21-45d6-abfc-0c59ff5f64a1","photo-1573079883023-62fc208b9d75","jpg","empty-gray-wooden-park-bench-rL40zBCi-Dk","Central Park in the autumn","2024-03-14 06:02:06","2024-03-14 06:02:06"
"baf35930-66ff-451c-bd64-5f8e99b79d49","photo-1445937888010-cc262f556033","jpg","green-wooden-bench-and-autumn-leaves-on-grass-covered-field-near-trees-during-day-zb13N8EDjGE","","2024-03-14 06:02:03","2024-03-14 06:02:03"
"9d195387-f9aa-4ca1-812c-5ad9f20a6801","photo-1547721064-da6cfb341d50","jpg","brown-and-beige-giraffe-NEJcmvLFcws","","2024-03-14 06:02:00","2024-03-14 06:02:00"
"9c35c2d0-b955-4a28-af4b-17080c50f422","photo-1534567110243-8875d64ca8ff","jpg","giraffe-standing-near-tree-at-daytime-LK4qTPvWdnM","Giraffe in the zoo","2024-03-14 06:01:59","2024-03-14 06:01:59"
"8a480a23-af61-4796-8734-5191774950fb","photo-1601584115197-04ecc0da31d7","jpg","white-truck-on-road-during-daytime-GBVDilE8yvI","","2024-03-14 06:01:57","2024-03-14 06:01:57"
"343e1b42-cdc3-4d68-a2e2-39e267b80fe5","photo-1616432043562-3671ea2e5242","jpg","white-freight-truck-on-road-during-daytime-EmEQ6kK_5P0","Sunset on Semi Truck","2024-03-14 06:01:56","2024-03-14 06:01:56"
"75993b34-9379-487e-88c8-621198f276b0","photo-1519916478825-b1d7aef08f54","jpg","closeup-photo-of-white-bowl-on-white-surface-Mz__0nr1AM8","This bowl is made of black clay and covered in a white frost glaze, I’ve taken the photo on our dining table at home. We have large floor to ceiling windows that are north facing, so we get a soft light, that is actually the most beautiful on a slightly grey day.","2024-03-14 06:01:53","2024-03-14 06:01:53"
"09a36d51-69af-4697-b94b-95479a0d3ef8","photo-1510035618584-c442b241abe7","jpg","round-white-ceramic-bowl-zCYO9HxEAjI","Like you, start with plain color","2024-03-14 06:01:51","2024-03-14 06:01:51"
"ea67d376-4cc8-45e0-a5fb-4d7264ebff63","photo-1531722569936-825d3dd91b15","jpg","brown-surfboard-standing-on-sea-shore-XFMjz4X3hGs","","2024-03-14 06:01:50","2024-03-14 06:01:50"
"0bcf58d1-ec36-406e-9b51-b48258cf054f","photo-1528150177508-7cc0c36cda5c","jpg","white-and-black-surfboard-leaning-on-gray-mexican-palm-tree-9kY6iayVGIk","","2024-03-14 06:01:48","2024-03-14 06:01:48"
"ecaa7955-4aef-4fcd-b382-50bec911ad88","photo-1593305841991-05c297ba4575","jpg","a-computer-screen-with-a-video-game-on-it-nmTm7knUnqs","Setup Gaming ","2024-03-14 06:01:47","2024-03-14 06:01:47"
"18fab07f-570e-43d0-be46-1d11ab304425","photo-1593784991095-a205069470b6","jpg","black-flat-screen-tv-on-brown-wooden-tv-rack-Fhwg7BrGUpk","Television on book shelf in living room, next to a Google Home speaker. Picture taken by Jonas Leupe (www.brandstof.cc/jonas) for Tandem Tech (www.tandemtech.be)","2024-03-14 06:01:46","2024-03-14 06:01:46"
"d14e9b68-7373-4b3e-a372-fcb712ccac63","photo-1532135468830-e51699205b70","jpg","person-taking-photo-of-assorted-color-umbrellas-dEGu-oCuB1Y","","2024-03-14 06:01:44","2024-03-14 06:01:44"
"8c7fa615-e8ac-49e4-80e5-3ab01e406162","photo-1499678450342-29ebee16d1ab","jpg","yellow-umbrella-on-surface-of-water-at-daytime-bmtg7lrCry4","Summer","2024-03-14 06:01:42","2024-03-14 06:01:42"
"7c9bc892-0514-4f23-a1ea-6ee6dada06a1","photo-1527153857715-3908f2bae5e8","jpg","selective-focus-photography-of-brown-cow-RxHhxWnXmNs","Day on the farm","2024-03-14 06:01:36","2024-03-14 06:01:36"
"b60c9f6e-17c9-4236-8063-3d9ff1ee0565","photo-1546445317-29f4545e9d53","jpg","white-and-black-cow-CY6MLcLvdX0","curious cow with wide angel lens","2024-03-14 06:01:34","2024-03-14 06:01:34"
"aae9bcf1-83ca-460c-b48a-5235f530231a","photo-1583845112239-97ef1341b271","jpg","brown-wooden-chairs-and-table-0dszrg9-V1o","kitchen, hygge style","2024-03-14 06:01:32","2024-03-14 06:01:32"
"e5c0ff94-8e39-433d-9b38-fbe300568660","photo-1604578762246-41134e37f9cc","jpg","brown-wooden-table-and-chairs-NFbwes_e-jI","Interior shot of Dining space, in a personalized residence designed by Architect Damith Premathilake. - https://www.instagram.com/damithpremathilakearchitects/ Used Camera - Xiaomi Mi A3.","2024-03-14 06:01:28","2024-03-14 06:01:28"
"ec8e02c5-ae74-462e-89f3-ab6faf4a4037","photo-1580843411760-ea295173bfd0","jpg","man-in-black-jacket-holding-a-light-yXAXya621Po",,"2024-03-13 18:27:28","2024-03-13 18:27:28"
"d7c592a2-f472-4148-87d7-01c69c434636","photo-1588597575483-f4e43e191c94","jpg","brown-handle-silver-knife-on-brown-wooden-table-sV5JRC3t71M",,"2024-03-13 18:27:00","2024-03-13 18:27:00"
"03f8e47b-7736-4c0b-8b75-4ddb54b9f99e","photo-1606655762823-63f1cda5431f","jpg","red-wine-in-clear-wine-glass--NOXMXHchEo",,"2024-03-13 18:26:45","2024-03-13 18:26:45"
"0e4aada9-74a4-4794-b1dc-2ff497b7e031","photo-1569153482031-a3cebdedf294","jpg","clear-wine-glass-with-wine-EfUwk0C3RE8",,"2024-03-13 18:26:39","2024-03-13 18:26:39"
"7193889c-d081-4201-a30d-05a7b89e6dc4","photo-1613221699807-4940ba9b83f4","jpg","black-and-silver-bread-toaster-yoFIPu3PpgU",,"2024-03-13 18:26:31","2024-03-13 18:26:31"
"571f339a-bae5-4622-aeb3-213769fafdca","photo-1583729250536-d5fb10401671","jpg","silver-and-black-unk-electronic-device-Wo85cmMo9Hg",,"2024-03-13 18:26:23","2024-03-13 18:26:23"
"be1bdea5-033b-470b-9255-2a4bc7840b7b","photo-1541480601022-2308c0f02487","jpg","round-black-and-white-analog-alarm-clock-w2JtIQQXoRU","alarm clock","2024-03-13 18:26:11","2024-03-13 18:26:11"
"3f9ba53c-4fb5-401a-87e3-33a17aa42bb8","photo-1533749047139-189de3cf06d3","jpg","brown-and-white-clocks-FlHdnPO6dlw",,"2024-03-13 18:26:04","2024-03-13 18:26:04"
"3d8d5174-cdca-4167-a3ea-fe0e798597d7","photo-1588090644556-14707d0e886a","jpg","brown-bear-plush-toy-on-pink-chair-nRGiAlIjfgA","Teddy the Bear ","2024-03-13 18:25:56","2024-03-13 18:25:56"
"267b02a2-d39c-4363-9d1e-6d73ce533830","photo-1508076092314-77ad4b6b360a","jpg","bear-plush-toy-on-window-w5zd1EdLLB0",,"2024-03-13 18:25:49","2024-03-13 18:25:49"
"a994d318-a540-4e08-aa0e-6745f2dd5003","photo-1614594895304-fe7116ac3b58","jpg","green-plant-on-blue-ceramic-pot-cLaaxa4DSnc","A woman's hand holding a Zamioculcas zamiifolia.","2024-03-13 18:25:40","2024-03-13 18:25:40"
"b45d4c26-1df0-4423-8c38-2a671e91a9e7","photo-1557090495-fc9312e77b28","jpg","green-leaf-plant-in-white-flower-pot-VjdII_v1_6w",,"2024-03-13 18:25:33","2024-03-13 18:25:33"
"7a13d614-4b0a-469a-9597-58127069946a","photo-1533473359331-0135ef1b58bf","jpg","parked-white-ford-explorer-suv-a4S6KUuLeoM","Ford in to the wild","2024-03-13 18:25:23","2024-03-13 18:25:23"
"173ba02e-eb1c-4c4a-ad52-4a7a58c9ca42","photo-1568605117036-5fe5e7bab0b7","jpg","silver-sports-coupe-on-asphalt-road-ZRns2R5azu0",,"2024-03-13 18:25:16","2024-03-13 18:25:16"
"cdd23266-46fb-49f2-92c8-75cf66f76b01","photo-1509749837427-ac94a2553d0e","jpg","people-riding-passenger-bus-during-daytime-6fF-Ojxov6o","This image makes me feel like we are accelerating towards the light, into an adventure where no one is sure what awaits. Here’s to adventure!","2024-03-13 18:25:07","2024-03-13 18:25:07"
"80396815-405c-44c7-8b8a-b54589c50f26","photo-1544620347-c4fd4a3d5957","jpg","white-and-black-bus-running-near-the-mountain-6mcVaoGNz1w","Search for the Northern Lights","2024-03-13 18:24:59","2024-03-13 18:24:59"
"b6c28a73-0f8f-40b5-af35-663733b41681","photo-1609873539027-d4ad052cb6a7","jpg","pink-and-white-flower-decor-8BNGxSAQd6M",,"2024-03-13 18:24:51","2024-03-13 18:24:51"
"fd60fe78-b05b-4d70-9f4f-cd8e027ad309","photo-1533910534207-90f31029a78e","jpg","two-strawberry-doughnuts-with-sprinkles-PFzy4N0_R3M",,"2024-03-13 18:24:45","2024-03-13 18:24:45"
"797e1a0a-9c8c-44a9-9002-ae68b778e9ca","photo-1583663848850-46af132dc08e","jpg","green-and-white-flower-bouquet-4fTaeH37eH0","Broccoli","2024-03-13 18:24:37","2024-03-13 18:24:37"
"c766c8a3-2136-40b2-a3ab-76136bec1516","photo-1459411621453-7b03977f4bfc","jpg","green-broccoli-m1t-RJ1iCIU",,"2024-03-13 18:24:29","2024-03-13 18:24:29"
"2e0ffef4-d764-49b5-9575-c8714dd54475","photo-1553284965-83fd3e82fa5a","jpg","running-white-horse-lIeqGEdvex0",,"2024-03-13 17:02:40","2024-03-13 17:02:40"
"afd03220-9180-46cd-ba36-96cbc3af9c76","photo-1598974357801-cbca100e65d3","jpg","brown-and-white-horse-head-cjSUZMA2iW8",,"2024-03-13 17:02:37","2024-03-13 17:02:37"
"67d1d0d9-f59b-4782-81d9-31ee0fdfc79e","photo-1564209906116-fb6887675069","jpg","white-and-black-luggage-q-4fbq8pUO4",,"2024-03-13 17:02:32","2024-03-13 17:02:32"
"47c52429-22a2-4ff2-9b64-6f01cd3e4254","photo-1502301197179-65228ab57f78","jpg","brown-hat-TVllFyGaLEA","packing list","2024-03-13 17:02:28","2024-03-13 17:02:28"
"7d250987-616c-4a70-8de0-4fbefb05e291","photo-1575501265016-ae78c708a09c","jpg","woman-jumping-in-gray-2-seat-sofa-ej3UoXYMaRI",,"2024-03-13 17:02:22","2024-03-13 17:02:22"
"6029945f-404d-4c4d-bd28-2d86e1f5ac95","photo-1555041469-a586c61ea9bc","jpg","green-fabric-sofa-fZuleEfeA1Q","Cool hipster green couch sofa with brown wooden legs on wooden floor","2024-03-13 17:02:16","2024-03-13 17:02:16"
"77c8b66c-ca56-41d7-bccd-fef9fb45c592","photo-1605374780828-82eb7ecf7cf7","jpg","black-and-gray-parking-meter-reEBPI3TbuY","Parking meter with coin slot in downtown Greensboro","2024-03-13 17:02:12","2024-03-13 17:02:12"
"cfe41c40-b580-463e-bf22-3e3169d8bce1","photo-1434123342969-25a249e8d144","jpg","two-round-blue-gray-and-yellow-analog-devices-5D9SyUI3wHU",,"2024-03-13 17:02:08","2024-03-13 17:02:08"
"ef437692-283a-454b-be62-4767feb20b3a","photo-1603483080228-04f2313d9f10","jpg","brown-elephant-standing-on-brown-field-during-daytime-AX9sJ-mPoL4","Taken in the wild from an underground hide in Botswana.","2024-03-13 17:02:04","2024-03-13 17:02:04"
"5e137586-a385-4df8-9b6c-983f8b042d4f","photo-1557050543-4d5f4e07ef46","jpg","elephant-walking-during-daytime-QJbyG6O0ick","","2024-03-13 17:02:00","2024-03-13 17:02:00"
"306c4484-c5e7-4956-a87c-0f1dbfa69bc5","photo-1496181133206-80ce9b88a853","jpg","macbook-pro-on-top-of-brown-table-1SAnrIxw5OY","Ugmonk","2024-03-13 17:01:57","2024-03-13 17:01:57"
"f38ed89c-4fbd-44b5-bbc9-4e2de98d03bc","photo-1671726203454-5d7a5370a9f4","jpg","a-woman-with-dreadlocks-sitting-in-front-of-a-laptop-computer--ZFvSWK4L28",,"2024-03-13 17:01:54","2024-03-13 17:01:54"
"d36cff9f-0dc9-447e-8a2f-e72b7f82214c","photo-1617883861744-13b534e3b928","jpg","black-and-white-tennis-racket-8E1Yplw6Hho","instagram: nathanael240606","2024-03-13 17:01:50","2024-03-13 17:01:50"
"b9db5eae-d36b-4958-99d5-7ae97e83a40c","photo-1622163642998-1ea32b0bbc67","jpg","white-and-blue-tennis-racket-eLZwsPO8cCQ","Tennis ball and yonex ezone 2021 on court","2024-03-13 17:01:44","2024-03-13 17:01:44"
"567d70bf-225d-4ebc-8e1e-05fd71777bcd","photo-1522336284037-91f7da073525","jpg","gray-corded-hair-dryer-and-red-comb-3bj1fSbxxe4",,"2024-03-13 17:01:38","2024-03-13 17:01:38"
"7f0e198f-98d9-4f4c-b395-400253cb5b52","photo-1522338140262-f46f5913618a","jpg","person-holding-gray-corded-hair-dryer-yutgPvmHxYQ",,"2024-03-13 17:01:35","2024-03-13 17:01:35"
"d6a0398a-136f-4291-9399-cfa4b71cc549","photo-1510525009512-ad7fc13eefab","jpg","people-in-brown-wooden-boat-6U4wogjLArk",,"2024-03-13 17:01:31","2024-03-13 17:01:31"
"0be6fde8-f644-4555-939e-8ccd15d819ea","photo-1531012278403-e5db3b774373","jpg","white-boat-on-body-of-water-Oi1fJwi35oI",,"2024-03-13 17:01:28","2024-03-13 17:01:28"
"4c6d55a1-aa28-42b2-9b3c-4378f1a27f99","photo-1619367300933-376d8c5cd5f9","jpg","silver-spoon-on-white-table-sL1E3sUxcAs",,"2024-03-13 17:01:23","2024-03-13 17:01:23"
"7eaf748e-6f37-4f2a-9d73-4487384318fa","photo-1588710920403-dacfbae1a640","jpg","white-ceramic-bowl-with-soup-hGsq0aOZM_w","a plate of cornflakes and milk","2024-03-13 17:01:21","2024-03-13 17:01:21"
"b0bd1c08-579f-4583-86d0-d2d11e8d02af","photo-1581677641984-cf14ca58c5ee","jpg","black-traffic-light-turned-on-during-night-time-iJ-uantQb9I","Long exposure, single image.","2024-03-13 14:19:54","2024-03-13 14:19:54"
"a91b247c-5ad5-4c38-95de-e235653490e5","photo-1584649525122-8d6895492a5d","jpg","traffic-light-with-red-light-PN-YnI5stdQ","Green. Camera. Lights.","2024-03-13 14:19:53","2024-03-13 14:19:53"
"324fde62-e25c-4094-85a7-6217224a3bce","photo-1554577621-1a3def0b656c","jpg","purple-petaled-flower-in-gray-vase-lr5SN8qn3KI","A pretentious attempt of a minimal ikebana in a toothbrush pot.","2024-03-13 14:19:51","2024-03-13 14:19:51"
"a77e3fe5-88fb-4cee-885e-bed0535c0ea8","photo-1612196808214-b8e1d6145a8c","jpg","white-ceramic-vase-on-brown-wooden-table-WUrXahlyjBo",,"2024-03-13 14:19:29","2024-03-13 14:19:29"
